[
  {
    "name":"Important+Meeting+For+Salary",
    "subject":"Important Meeting For Salary",
    "category":"inbox",
    "from":"trial@ingbank.com.tr",
    "description":"A versatile full-zip that you can wear all day long and even to the gym. This technical shell features moisture-wicking fabric, added stretch and a hidden pocket for your smartphone or media player.&amp;nbsp;&lt;div&gt;&lt;br&gt;&lt;/div&gt;&lt;div&gt;Features:&lt;/div&gt;&lt;div&gt;&lt;ul&gt;&lt;li&gt;100% polyester.&lt;/li&gt;&lt;li&gt;Smooth, technical front with textured mesh back.&lt;/li&gt;&lt;li&gt;Drawstring bottom for adjustable fit.&lt;/li&gt;&lt;li&gt;Raglan sleeves.&lt;/li&gt;&lt;li&gt;Available in forest green with the white Google logo embroidered at left chest.&lt;/li&gt;&lt;/ul&gt;&lt;/div&gt;"
  },
  {
    "name":"One+Flew+Over+The+Cuckoos+Nest",
    "subject":"One Flew Over The Cuckoo's Nest",
    "category":"inbox",
    "from":"trial@ingbank.com.tr",
    "description":"A versatile full-zip that you can wear all day long and even to the gym. This technical shell features moisture-wicking fabric, added stretch and a hidden pocket for your smartphone or media player.&amp;nbsp;&lt;div&gt;&lt;br&gt;&lt;/div&gt;&lt;div&gt;Features:&lt;/div&gt;&lt;div&gt;&lt;ul&gt;&lt;li&gt;100% polyester.&lt;/li&gt;&lt;li&gt;Smooth, technical front with textured mesh back.&lt;/li&gt;&lt;li&gt;Drawstring bottom for adjustable fit.&lt;/li&gt;&lt;li&gt;Raglan sleeves.&lt;/li&gt;&lt;li&gt;Available in forest green with the white Google logo embroidered at left chest.&lt;/li&gt;&lt;/ul&gt;&lt;/div&gt;"
  }
]
